,Sample,N,Location,Strat_height_C22-4,Measurement,Type,Mineralogy,Category,mean_pct_carb,d13C_VPDB,d18O_VPDB_mineral,d18Ow_VSMOW,d18Ow_VSMOW_1SE_lower,d18Ow_VSMOW_1SE_upper,d18Ow_VSMOW_2SE_lower,d18Ow_VSMOW_2SE_upper,d18Ow_VSMOW_lower,d18Ow_VSMOW_upper,D47,SE,SD,CL_95_pct,T_MIT,T_MIT_SE_lower,T_MIT_SE_upper,T_MIT_2SE_lower,T_MIT_2SE_upper,T_MIT_95CL_lower,T_MIT_95CL_upper,D48,D48_SE,Ca,Mg,Sr,Mn,altered,alt_spline,color,d18O_T_KON97_icefree,age_model_BW
0,BW-162,1.0,BW,162.0,clumped,Dolomite,Dolomite,Dolomite,104.3,2.6,-0.2105506171708981,0.6,2.1,2.0,4.1,4.1,4.0,4.0,0.5626,0.0254,,0.0498,36.2,9.2,10.1,17.6,21.2,17.3,20.8,,,37387.142857142855,18778.75,27.04,30.423333333333336,y,40.0,"(0.984313725490196, 0.6862745098039216, 0.8941176470588236)",13.26,351.2782608695652
1,BW-166,7.0,BW,166.0,clumped,Dolomite,Dolomite,Dolomite,99.5,2.92,-1.3260590950353284,1.3,0.8,0.8,1.5,1.5,1.5,1.5,0.5397,0.0094,0.0482,0.0184,45.2,3.8,4.0,7.5,8.1,7.3,7.9,,,15562.857142857143,6388.125,5.1585,24.88,y,40.0,"(0.984313725490196, 0.6862745098039216, 0.8941176470588236)",18.42,351.37391304347824
2,BW-169.2-A,6.0,BW,169.2,clumped,Cement,Calcite,Cement,96.7,1.62,-3.2129425948507366,6.1,0.8,0.8,1.6,1.6,1.5,1.6,0.4762,0.0102,0.0164,0.02,75.2,5.4,5.6,10.5,11.6,10.3,11.3,0.2614,0.0417,,,,,y,33.0,"(0.792156862745098, 0.5686274509803921, 0.3803921568627451)",27.67,351.4504347826087
3,BW-169.2-B,5.0,BW,169.2,clumped,Matrix,Calcite,Matrix,96.4,1.84,-2.213835001633027,1.6,0.8,0.8,1.6,1.6,1.6,1.6,0.5506,0.0113,0.0139,0.0223,40.8,4.4,4.6,8.6,9.3,8.5,9.2,0.2111,0.046,,,,,y,33.0,"(0.8705882352941177, 0.5607843137254902, 0.0196078431372549)",22.69,351.4504347826087
4,BW-174,6.0,BW,174.0,clumped,Bulk,Calcite,Bulk,100.4,0.59,-5.802862278240332,-3.9,0.7,0.7,1.3,1.3,1.3,1.3,0.5784,0.0099,0.0213,0.0194,30.4,3.5,3.6,6.8,7.3,6.7,7.2,,,56225.71428571428,93.01125,41.515,3.9903333333333335,y,15.0,"(0.00392156862745098, 0.45098039215686275, 0.6980392156862745)",41.4,351.5652173913043
5,BW-174_3-A,3.0,BW,174.3,clumped,Cement,Calcite,Cement,96.4,1.69,-3.9598482713338807,4.4,1.1,1.2,2.2,2.4,2.2,2.4,0.488,0.0151,0.021,0.0297,69.0,7.5,8.0,14.5,16.6,14.3,16.3,0.2454,0.0445,,,,,y,14.536485535380358,"(0.792156862745098, 0.5686274509803921, 0.3803921568627451)",31.5,351.5723913043478
6,BW-174_3-B,1.0,BW,174.3,clumped,Matrix,Calcite,Matrix,97.0,0.64,-5.967763531489858,-2.0,1.7,1.8,3.4,3.6,3.3,3.6,0.5482,0.0248,,0.0487,41.8,9.5,10.4,18.1,21.9,17.8,21.5,0.2272,0.0713,,,,,y,14.536485535380358,"(0.8705882352941177, 0.5607843137254902, 0.0196078431372549)",42.31,351.5723913043478
7,BW-178,1.0,BW,178.0,clumped,Bulk,Calcite,Bulk,98.6,0.57,-5.987163678930975,-4.1,1.7,1.7,3.3,3.5,3.3,3.4,0.5787,0.025,,0.0491,30.3,8.6,9.3,16.4,19.6,16.2,19.2,,,59615.71428571428,101.17625,44.845,7.294333333333333,y,15.0,"(0.00392156862745098, 0.45098039215686275, 0.6980392156862745)",42.42,351.66086956521735
8,BW-182,1.0,BW,182.0,clumped,Bulk,Calcite,Bulk,104.9,0.93,-5.783462130799208,-4.3,1.6,1.8,3.2,3.5,3.2,3.5,0.5837,0.0251,,0.0492,28.5,8.4,9.2,16.2,19.3,15.9,18.9,,,52085.71428571428,102.01125,41.760000000000005,5.924,n,11.165959349356797,"(0.00392156862745098, 0.45098039215686275, 0.6980392156862745)",41.29,351.7565217391304
9,BW-186,1.0,BW,186.0,clumped,Bulk,Calcite,Bulk,99.5,2.03,-5.579760582667442,-3.0,1.7,1.7,3.3,3.6,3.2,3.5,0.5681,0.025,,0.049,34.1,8.9,9.7,17.0,20.4,16.7,20.0,,,51041.42857142857,116.71625,35.625,5.436666666666667,y,3.647815553974885,"(0.00392156862745098, 0.45098039215686275, 0.6980392156862745)",40.17,351.85217391304343
10,BW-188,3.0,BW,188.0,clumped,Bulk,Calcite,Bulk,94.6,2.51,-5.502159992902961,-2.9,1.0,1.0,2.0,2.0,1.9,2.0,0.5681,0.0144,0.018,0.0283,34.1,5.2,5.5,10.2,11.3,10.0,11.1,,,,,,,n,0.5162652997075052,"(0.00392156862745098, 0.45098039215686275, 0.6980392156862745)",39.74,351.9
11,BW-190,1.0,BW,190.0,clumped,Bulk,Calcite,Bulk,105.6,2.66,-5.42455940313848,-1.7,1.7,1.8,3.4,3.6,3.3,3.5,0.5519,0.0249,,0.0489,40.3,9.4,10.3,17.9,21.7,17.7,21.2,,,58717.142857142855,107.221,32.605,6.742666666666668,n,-1.5570753658625403,"(0.00392156862745098, 0.45098039215686275, 0.6980392156862745)",39.32,351.9478260869565
12,BW-194,1.0,BW,194.0,clumped,Bulk,Calcite,Bulk,107.9,3.14,-3.843447386687153,-1.5,1.7,1.7,3.3,3.5,3.2,3.4,0.5716,0.0248,,0.0486,32.8,8.7,9.5,16.7,20.0,16.4,19.5,,,55412.857142857145,161.425,32.565,13.586666666666668,n,-0.7337015248524636,"(0.00392156862745098, 0.45098039215686275, 0.6980392156862745)",30.9,352.04347826086956
13,BW-198,10.0,BW,198.0,clumped,Bulk,Calcite,Bulk,94.5,3.46,-4.473952178523577,-0.7,0.6,0.5,1.1,1.1,1.1,1.0,0.5515,0.0077,0.0171,0.0151,40.5,3.0,3.1,5.9,6.3,5.8,6.1,0.1774,0.0418,51118.57142857143,106.64374999999998,25.915,9.656333333333334,y,9.500644620689895,"(0.00392156862745098, 0.45098039215686275, 0.6980392156862745)",34.2,352.1391304347826
14,BW-198-A,3.0,BW,198.0,clumped,Rugose,Calcite,Fossil,99.4,3.33,-4.250850482950686,-0.3,1.0,1.0,1.9,2.0,1.9,1.9,0.5488,0.0138,0.0411,0.0271,41.6,5.4,5.6,10.5,11.6,10.3,11.4,0.1789,0.0721,,,,,y,9.500644620689895,"(0.00784313725490196, 0.6196078431372549, 0.45098039215686275)",33.03,352.1391304347826
15,BW-202,1.0,BW,202.0,clumped,Bulk,Calcite,Bulk,105.5,3.77,-4.454552031082453,-0.2,1.7,1.8,3.4,3.7,3.4,3.6,0.5443,0.0249,,0.049,43.4,9.6,10.6,18.4,22.4,18.2,22.0,,,52272.857142857145,119.21,27.595,8.999333333333334,y,10.676301892898142,"(0.00392156862745098, 0.45098039215686275, 0.6980392156862745)",34.1,352.23478260869564
16,BW-205-A,1.0,BW,205.0,clumped,Vein,Calcite,Vein,95.4,2.91,-2.388436328603112,3.7,1.8,1.8,3.5,3.7,3.4,3.6,0.5193,0.0241,,0.0473,54.0,10.3,11.4,19.7,24.0,19.3,23.5,,,,,,,y,2.5772384966731763,black,23.55,352.3065217391304
17,BW-205-B,1.0,BW,205.0,clumped,Matrix,Calcite,Matrix,83.2,3.3,-3.9210479764516406,1.3,1.8,1.8,3.5,3.7,3.4,3.6,0.531,0.0246,,0.0483,48.9,10.0,11.1,19.2,23.3,18.8,22.9,0.1842,0.0849,,,,,y,2.5772384966731763,"(0.8705882352941177, 0.5607843137254902, 0.0196078431372549)",31.3,352.3065217391304
18,BW-205-C,3.0,BW,205.0,clumped,Matrix,Calcite,Matrix,100.4,3.66,-4.299350851553492,1.2,1.0,1.1,2.0,2.2,2.0,2.1,0.5267,0.0144,0.0085,0.0283,50.7,6.1,6.4,11.8,13.3,11.6,13.0,0.187,0.0621,,,,,y,2.5772384966731763,"(0.8705882352941177, 0.5607843137254902, 0.0196078431372549)",33.28,352.3065217391304
19,BW-206,1.0,BW,206.0,clumped,Bulk,Calcite,Bulk,102.2,3.59,-5.065656675477753,-1.5,1.7,1.7,3.4,3.6,3.3,3.5,0.5543,0.025,,0.049,39.4,9.3,10.2,17.9,21.6,17.5,21.1,,,59685.71428571428,117.1275,30.005000000000003,7.626333333333334,n,1.3373693457611087,"(0.00392156862745098, 0.45098039215686275, 0.6980392156862745)",37.37,352.3304347826087
20,BW-210,11.0,BW,210.0,clumped,Bulk,Calcite,Bulk,102.6,4.6,-2.7376389825432814,0.8,0.5,0.5,1.1,1.0,1.0,1.0,0.5547,0.0075,0.0234,0.0147,39.2,2.9,3.0,5.7,6.0,5.6,5.9,0.2131,0.0304,53128.57142857143,168.2625,20.315,5.538333333333333,y,5.408892174227647,"(0.00392156862745098, 0.45098039215686275, 0.6980392156862745)",25.28,352.4260869565217
21,BW-210.8-A,1.0,BW,210.8,clumped,Brachiopod,Calcite,Fossil,95.9,3.88,-4.784354537581506,-3.6,1.6,1.6,3.1,3.2,3.1,3.2,0.5896,0.0238,,0.0468,26.5,7.9,8.5,15.1,17.8,14.9,17.5,,,,,,,y,8.0,"(0.8, 0.47058823529411764, 0.7372549019607844)",35.86,352.4452173913043
22,BW-210.8-B,3.0,BW,210.8,clumped,Matrix,Calcite,Matrix,94.0,3.48,-5.366358960815116,-4.2,1.0,1.0,1.9,2.0,1.9,1.9,0.5894,0.0145,0.0355,0.0284,26.5,4.9,5.1,9.5,10.5,9.3,10.3,0.1392,0.0871,,,,,y,8.0,"(0.8705882352941177, 0.5607843137254902, 0.0196078431372549)",39.0,352.4452173913043
23,BW-214,1.0,BW,214.0,clumped,Bulk,Calcite,Bulk,98.0,5.03,-3.503944806467549,1.6,1.7,1.9,3.5,3.8,3.4,3.7,0.532,0.025,,0.0491,48.5,10.1,11.2,19.4,23.6,19.1,23.2,,,54062.857142857145,175.9125,22.1,6.4750000000000005,y,4.396472797892768,"(0.00392156862745098, 0.45098039215686275, 0.6980392156862745)",29.15,352.52173913043475
24,BW-218,1.0,BW,218.0,clumped,Bulk,Calcite,Bulk,101.0,5.29,-3.7561467232021135,-2.6,1.7,1.7,3.3,3.4,3.2,3.4,0.5896,0.0249,,0.0489,26.5,8.2,8.9,15.8,18.7,15.5,18.4,,,52041.42857142857,168.4,28.545,5.181666666666668,y,2.7573010784102854,"(0.00392156862745098, 0.45098039215686275, 0.6980392156862745)",30.45,352.6173913043478
25,BW-220,3.0,BW,220.0,clumped,Bulk,Calcite,Bulk,94.7,5.45,-3.775546870643231,-1.8,1.0,1.0,2.0,2.0,1.9,2.0,0.5775,0.0147,0.0111,0.0288,30.7,5.1,5.4,10.0,11.1,9.8,10.9,,,,,,,y,5.612227510287062,"(0.00392156862745098, 0.45098039215686275, 0.6980392156862745)",30.55,352.66521739130434
26,BW-222,6.0,BW,222.0,clumped,Bulk,Calcite,Bulk,88.1,5.3,-3.833747312966594,-1.8,0.7,0.7,1.4,1.4,1.3,1.3,0.5763,0.01,0.0188,0.0196,31.1,3.5,3.7,7.0,7.5,6.8,7.3,0.2319,0.0377,51630.0,106.30625,19.145,3.962333333333333,n,7.04338518834294,"(0.00392156862745098, 0.45098039215686275, 0.6980392156862745)",30.85,352.7130434782609
27,BW-226,6.0,BW,226.0,clumped,Bulk,Calcite,Bulk,98.1,5.38,-3.2711430371741006,-0.5,0.7,0.7,1.4,1.4,1.4,1.4,0.5655,0.0102,0.0162,0.02,35.1,3.8,3.9,7.4,7.9,7.2,7.8,,,53060.0,150.31875000000002,23.0,4.992666666666667,n,6.486596403265336,"(0.00392156862745098, 0.45098039215686275, 0.6980392156862745)",27.96,352.8086956521739
28,BW-230,1.0,BW,230.0,clumped,Bulk,Calcite,Bulk,100.6,5.33,-3.727046502040432,-0.4,1.7,1.8,3.3,3.6,3.3,3.5,0.5573,0.0248,,0.0486,38.2,9.2,10.0,17.5,21.1,17.2,20.6,,,66317.14285714286,156.06625000000005,32.675,6.460333333333334,n,4.378401484610155,"(0.00392156862745098, 0.45098039215686275, 0.6980392156862745)",30.3,352.90434782608696
29,BW-234,10.0,BW,234.0,clumped,Bulk,Calcite,Bulk,100.8,5.48,-3.7949470180843545,-1.2,0.5,0.6,1.1,1.1,1.0,1.1,0.5678,0.008,0.0239,0.0156,34.2,2.9,3.0,5.8,6.1,5.6,6.0,0.2324,0.031,48487.142857142855,88.57000000000001,26.285,4.542333333333333,y,4.310369042353643,"(0.00392156862745098, 0.45098039215686275, 0.6980392156862745)",30.65,353.0
30,BW-238,1.0,BW,238.0,clumped,Bulk,Calcite,Bulk,97.8,5.46,-3.4651445115853017,0.7,1.8,1.7,3.4,3.6,3.4,3.5,0.5462,0.0247,,0.0486,42.6,9.5,10.4,18.2,22.0,17.9,21.6,,,54548.57142857143,117.40125,25.015,6.027333333333334,n,6.204208692138871,"(0.00392156862745098, 0.45098039215686275, 0.6980392156862745)",28.95,353.09565217391304
31,BW-240,3.0,BW,240.0,clumped,Bulk,Calcite,Bulk,98.2,5.46,-2.6600383927788007,1.6,1.1,1.1,2.2,2.2,2.1,2.2,0.5447,0.0154,0.0027,0.0303,43.2,6.1,6.4,11.8,13.3,11.6,13.0,,,,,,,y,5.37287614312175,"(0.00392156862745098, 0.45098039215686275, 0.6980392156862745)",24.89,353.1434782608696
32,BW-241-A,3.0,BW,241.0,clumped,Rugose,Calcite,Fossil,96.9,5.28,-1.6706308732816564,-2.6,1.0,0.9,1.9,1.9,1.9,1.9,0.6215,0.0148,0.0499,0.0291,16.0,4.5,4.7,8.7,9.6,8.6,9.4,0.2322,0.0624,,,,,y,4.0,"(0.00784313725490196, 0.6196078431372549, 0.45098039215686275)",20.06,353.1673913043478
33,BW-241-B,10.0,BW,241.0,clumped,Matrix,Calcite,Matrix,96.0,5.27,-2.417536549764794,0.2,0.6,0.5,1.1,1.1,1.1,1.1,0.5681,0.0079,0.0219,0.0155,34.1,2.9,3.0,5.7,6.0,5.6,5.9,0.2354,0.0368,,,,,y,4.0,"(0.8705882352941177, 0.5607843137254902, 0.0196078431372549)",23.69,353.1673913043478
34,BW-242,1.0,BW,242.0,clumped,Bulk,Calcite,Bulk,99.5,5.58,-3.562145248790906,0.2,1.7,1.8,3.3,3.7,3.3,3.6,0.5507,0.0248,,0.0486,40.8,9.4,10.3,18.0,21.7,17.6,21.2,,,50951.42857142857,135.0475,22.64,4.120333333333333,y,2.0112174869544472,"(0.00392156862745098, 0.45098039215686275, 0.6980392156862745)",29.45,353.1913043478261
35,BW-246,4.0,BW,246.0,clumped,Bulk,Calcite,Bulk,103.9,5.14,-3.8725476078488352,-1.1,0.8,0.8,1.6,1.6,1.5,1.6,0.5655,0.0117,0.0152,0.0229,35.1,4.3,4.5,8.4,9.2,8.2,9.0,0.1675,0.043,51362.857142857145,134.31625,31.135,4.867,n,3.596332028337161,"(0.00392156862745098, 0.45098039215686275, 0.6980392156862745)",31.05,353.2869565217391
36,BW-248,1.0,BW,248.0,clumped,Bulk,Calcite,Bulk,98.2,3.34,-4.541852694567499,-2.3,1.5,1.5,3.0,3.1,2.9,3.1,0.5734,0.0224,,0.0441,32.2,7.8,8.5,15.1,17.7,14.9,17.4,0.2892,0.0824,,,,,n,6.557729860601787,"(0.00392156862745098, 0.45098039215686275, 0.6980392156862745)",34.56,353.33478260869566
37,BW-250,10.0,BW,250.0,clumped,Bulk,Calcite,Bulk,104.1,5.19,-3.164442226247938,-0.6,0.5,0.6,1.0,1.1,1.0,1.1,0.568,0.0079,0.0155,0.0155,34.2,2.9,3.0,5.7,6.0,5.6,5.9,0.2267,0.0343,51055.71428571428,107.5475,24.275,4.582333333333334,y,2.0,"(0.00392156862745098, 0.45098039215686275, 0.6980392156862745)",27.42,353.3826086956522
38,BW-252.6-A,1.0,BW,252.6,clumped,Crinoid,Calcite,Fossil,103.7,5.44,-0.7782240909901094,-0.9,1.6,1.7,3.1,3.3,3.0,3.3,0.6082,0.0245,,0.0481,20.3,7.6,8.2,14.7,17.2,14.4,16.9,,,,,,,y,0.0,"(0.8352941176470589, 0.3686274509803922, 0.0)",15.86,353.4447826086957
39,BW-252.6-B,5.0,BW,252.6,clumped,Crinoid,Calcite,Fossil,89.6,6.38,-1.8840324951339813,-0.2,0.7,0.7,1.5,1.5,1.5,1.5,0.5816,0.011,0.0206,0.0216,29.2,3.8,4.0,7.5,8.1,7.4,7.9,,,,,,,y,0.0,"(0.8352941176470589, 0.3686274509803922, 0.0)",21.09,353.4447826086957
40,BW-252.6-C,5.0,BW,252.6,clumped,Matrix,Calcite,Matrix,96.5,5.62,-2.514537286970398,-0.9,0.8,0.8,1.5,1.6,1.5,1.5,0.5827,0.0115,0.0286,0.0225,28.9,4.0,4.1,7.8,8.4,7.6,8.3,0.238,0.0651,,,,,y,0.0,"(0.8705882352941177, 0.5607843137254902, 0.0196078431372549)",24.17,353.4447826086957
41,BW-252.6-D,1.0,BW,252.6,clumped,Cement,Calcite,Cement,106.9,5.62,-6.103564563577702,-5.3,1.6,1.6,3.2,3.3,3.1,3.2,0.5951,0.0242,,0.0476,24.6,7.8,8.5,15.1,17.8,14.9,17.5,,,,,,,y,0.0,"(0.792156862745098, 0.5686274509803921, 0.3803921568627451)",43.07,353.4447826086957
42,BW-253.5-A,1.0,BW,253.5,clumped,Crinoid,Calcite,Fossil,113.9,5.98,-1.1565269660919606,0.6,1.7,1.6,3.2,3.4,3.2,3.3,0.5811,0.0244,,0.0479,29.4,8.3,9.0,15.9,18.9,15.7,18.5,,,,,,,y,0.0,"(0.8352941176470589, 0.3686274509803922, 0.0)",17.62,353.4663043478261
43,BW-253.5-B,1.0,BW,253.5,clumped,Crinoid,Calcite,Fossil,96.6,6.14,-1.321428219341487,-1.6,1.6,1.7,3.1,3.3,3.0,3.3,0.6105,0.0245,,0.0481,19.5,7.6,8.2,14.5,17.1,14.3,16.8,,,,,,,y,0.0,"(0.8352941176470589, 0.3686274509803922, 0.0)",18.4,353.4663043478261
44,BW-253.5-C,1.0,BW,253.5,clumped,Matrix,Calcite,Matrix,98.3,5.54,-1.7288313156050137,1.5,1.6,1.7,3.3,3.5,3.2,3.5,0.5587,0.0243,,0.0477,37.7,8.9,9.8,17.1,20.5,16.8,20.1,,,,,,,y,0.0,"(0.8705882352941177, 0.5607843137254902, 0.0196078431372549)",20.34,353.4663043478261
45,BW-254,3.0,BW,254.0,clumped,Bulk,Calcite,Bulk,90.7,4.49,-4.493352325964693,-1.8,0.9,1.0,1.9,2.0,1.8,2.0,0.5664,0.0141,0.0105,0.0277,34.8,5.1,5.4,10.0,11.1,9.8,10.9,,,60245.71428571428,108.47249999999998,30.105,5.032,y,0.6054439061865527,"(0.00392156862745098, 0.45098039215686275, 0.6980392156862745)",34.31,353.47826086956525
46,BW-262,10.0,BW,262.0,clumped,Bulk,Calcite,Bulk,95.5,4.42,-3.940448123892757,-0.5,0.6,0.5,1.1,1.1,1.1,1.0,0.5565,0.0078,0.0141,0.0153,38.5,3.0,3.1,5.9,6.2,5.8,6.1,0.2266,0.0302,54294.28571428572,96.63125,28.715000000000003,3.962,y,6.738299174604058,"(0.00392156862745098, 0.45098039215686275, 0.6980392156862745)",31.4,353.6695652173913
47,BW-263_5-A,3.0,BW,263.5,clumped,Crinoid,Calcite,Fossil,97.8,4.87,-2.204134927912469,0.9,1.1,1.1,2.1,2.2,2.1,2.2,0.5607,0.0158,0.0126,0.031,36.9,5.9,6.2,11.4,12.8,11.2,12.5,0.2001,0.045,,,,,y,7.0,"(0.8352941176470589, 0.3686274509803922, 0.0)",22.65,353.70543478260873
48,BW-263_5-B,1.0,BW,263.5,clumped,Matrix,Calcite,Matrix,104.0,4.33,-3.9695483450544393,0.1,1.8,1.8,3.5,3.6,3.4,3.6,0.5475,0.0251,,0.0492,42.1,9.6,10.6,18.4,22.3,18.0,21.8,0.1978,0.0718,,,,,y,7.0,"(0.8705882352941177, 0.5607843137254902, 0.0196078431372549)",31.55,353.70543478260873
49,BW-266,1.0,BW,266.0,clumped,Bulk,Calcite,Bulk,82.2,4.29,-3.882247681569394,1.9,1.7,1.9,3.4,3.8,3.4,3.7,0.5226,0.0246,,0.0483,52.5,10.4,11.4,19.8,24.2,19.4,23.7,,,48590.0,88.39875,22.095,4.015666666666667,n,7.742607592940737,"(0.00392156862745098, 0.45098039215686275, 0.6980392156862745)",31.1,353.76521739130436
50,BW-270,10.0,BW,270.0,clumped,Bulk,Calcite,Bulk,93.2,3.89,-3.940448123892757,-1.0,0.5,0.5,1.1,1.1,1.1,1.1,0.5631,0.0078,0.0168,0.0154,36.0,2.9,3.0,5.7,6.1,5.7,6.0,0.1549,0.0431,53758.57142857143,90.87975,24.36,4.546333333333333,n,9.706417578851715,"(0.00392156862745098, 0.45098039215686275, 0.6980392156862745)",31.4,353.8608695652174
51,BW-274,1.0,BW,274.0,clumped,Bulk,Calcite,Bulk,93.5,3.91,-4.503052399685251,0.8,1.8,1.8,3.4,3.7,3.4,3.6,0.5298,0.0246,,0.0483,49.4,10.1,11.1,19.2,23.4,18.9,23.0,,,54887.142857142855,130.3475,31.415,5.538,y,12.37150940476028,"(0.00392156862745098, 0.45098039215686275, 0.6980392156862745)",34.36,353.95652173913044
52,BW-278,11.0,BW,278.0,clumped,Bulk,Calcite,Bulk,56.2,3.32,-4.541852694567499,-1.1,0.5,0.6,1.0,1.1,1.0,1.1,0.5552,0.0076,0.0252,0.0148,39.0,2.9,3.0,5.8,6.1,5.6,5.9,0.236,0.028,49621.42857142857,160.82125,22.8,7.829,y,22.23908076730255,"(0.00392156862745098, 0.45098039215686275, 0.6980392156862745)",34.56,354.0521739130435
53,BW-279,1.0,BW,279.0,clumped,Bulk,Calcite,Bulk,102.9,3.34,-3.8628475341282766,-1.2,1.7,1.7,3.3,3.5,3.3,3.4,0.5676,0.0246,,0.0484,34.3,8.8,9.6,16.8,20.1,16.6,19.7,0.2979,0.0865,,,,,y,24.0,"(0.00392156862745098, 0.45098039215686275, 0.6980392156862745)",31.0,354.07608695652175
54,BW-286,5.0,BW,286.0,clumped,Dolomite,Dolomite,Dolomite,75.6,4.82,-2.266966245929674,5.7,0.9,0.8,1.8,1.7,1.8,1.7,0.4738,0.011,0.0284,0.0215,76.5,5.9,6.2,11.4,12.7,11.2,12.4,,,23897.14285714286,13356.25,7.39,15.093333333333334,y,25.0,"(0.984313725490196, 0.6862745098039216, 0.8941176470588236)",22.95,354.2434782608696
55,BW-290,1.0,BW,290.0,clumped,Dolomite,Dolomite,Dolomite,97.8,4.48,-2.441567572899759,4.6,1.9,2.0,3.9,4.0,3.9,4.0,0.4841,0.0247,,0.0484,71.0,12.2,13.6,23.2,29.1,22.8,28.4,,,31105.714285714286,15195.0,5.7875,15.606666666666667,y,25.0,"(0.984313725490196, 0.6862745098039216, 0.8941176470588236)",23.81,354.33913043478265
56,BW-294,1.0,BW,294.0,clumped,Dolomite,Dolomite,Dolomite,98.8,4.28,-2.916871185207214,6.6,2.0,1.9,4.0,3.9,3.9,3.9,0.4545,0.0246,,0.0483,87.6,13.9,15.7,26.3,33.7,25.9,33.0,,,27974.285714285717,12516.25,6.541,9.132,y,25.0,"(0.984313725490196, 0.6862745098039216, 0.8941176470588236)",26.18,354.4347826086957
57,BW-298,1.0,BW,298.0,clumped,Dolomite,Dolomite,Dolomite,95.9,4.25,-3.5473759770436306,6.1,2.0,2.0,4.0,4.0,3.9,3.9,0.4524,0.0246,,0.0482,88.8,14.1,15.9,26.6,34.1,26.1,33.3,,,31885.714285714286,14756.25,7.039,9.207666666666666,y,25.0,"(0.984313725490196, 0.6862745098039216, 0.8941176470588236)",29.37,354.5304347826087
58,BW-301_4-A,2.0,BW,301.4,clumped,Cement,Dolomite,Cement,101.0,3.36,-3.3242742814707475,-2.5,1.5,1.5,2.9,3.0,2.9,2.9,0.5617,0.0185,0.0074,0.0363,36.5,6.8,7.3,13.2,15.1,12.9,14.8,0.2244,0.0531,,,,,y,30.0,"(0.792156862745098, 0.5686274509803921, 0.3803921568627451)",28.23,354.61173913043484
59,BW-301_4-B,1.0,BW,301.4,clumped,Matrix,Dolomite,Matrix,101.7,3.52,-4.168180695159489,-4.6,2.0,2.1,4.0,4.1,3.9,4.0,0.5772,0.0252,,0.0494,30.8,8.7,9.5,16.6,19.9,16.3,19.5,0.2156,0.072,,,,,y,30.0,"(0.8705882352941177, 0.5607843137254902, 0.0196078431372549)",32.59,354.61173913043484
60,BW-302,1.0,BW,302.0,clumped,Bulk,Calcite,Bulk,69.0,3.51,-3.901647829010517,1.2,1.7,1.8,3.4,3.7,3.4,3.6,0.5322,0.0246,,0.0483,48.4,10.0,11.0,19.1,23.2,18.8,22.7,,,54558.57142857143,194.435,47.67,2.6243333333333334,y,33.39728032592487,"(0.00392156862745098, 0.45098039215686275, 0.6980392156862745)",31.2,354.62608695652176
61,BW-310,10.0,BW,310.0,clumped,Bulk,Calcite,Bulk,89.5,3.35,-3.8725476078488352,-1.0,0.6,0.5,1.1,1.1,1.1,1.1,0.5644,0.0079,0.0231,0.0154,35.5,2.9,3.0,5.8,6.1,5.6,6.0,0.2153,0.0426,57258.57142857143,215.55000000000004,44.035,8.829666666666666,n,3.552713678800501e-15,"(0.00392156862745098, 0.45098039215686275, 0.6980392156862745)",31.05,354.81739130434784
62,C22-3-13-187,3.0,Pederson,194.0,clumped,Bulk,Calcite,Bulk,92.7,2.54,-3.688246207158192,-1.4,1.0,1.0,2.1,2.1,2.0,2.1,0.5727,0.0153,0.0068,0.03,32.4,5.4,5.7,10.6,11.8,10.4,11.6,,,,,,,n,26.987374289386313,"(0.00392156862745098, 0.45098039215686275, 0.6980392156862745)",30.1,352.04347826086956
63,C22-3-154,1.0,Pederson,161.0,clumped,Bulk,Calcite,Bulk,84.7,2.1,-5.240258002447837,-2.7,1.5,1.6,3.0,3.3,3.0,3.2,0.5686,0.023,,0.0452,33.9,8.2,8.9,15.7,18.6,15.5,18.2,,,57030.0,61.245,23.765,10.16066667,n,18.262220361080242,"(0.00392156862745098, 0.45098039215686275, 0.6980392156862745)",38.31,351.2543478260869
64,C22-3-156.6c-A,6.0,Pederson,163.6,clumped,Rugose,Calcite,Fossil,85.3,3.31,-3.494244732746984,-1.8,0.6,0.7,1.3,1.4,1.3,1.3,0.5812,0.0099,0.0217,0.0194,29.4,3.4,3.6,6.8,7.3,6.6,7.1,,,,,,,y,24.717680630081745,"(0.00784313725490196, 0.6196078431372549, 0.45098039215686275)",29.1,351.3165217391304
65,C22-3-156.6c-B,2.0,Pederson,163.6,clumped,Vein,Calcite,Vein,27.9,1.23,-6.181165153342183,-5.0,1.1,1.1,2.2,2.3,2.1,2.2,0.5889,0.0166,0.0259,0.0326,26.7,5.6,5.9,10.8,12.1,10.6,11.9,,,,,,,y,24.717680630081745,black,43.51,351.3165217391304
66,C22-3-156_6-D,3.0,Pederson,163.6,clumped,Matrix,Calcite,Matrix,29.1,3.1,-4.454552031082453,-3.3,0.9,0.9,1.8,1.9,1.8,1.8,0.5895,0.0137,0.0238,0.027,26.5,4.6,4.8,9.0,9.9,8.9,9.7,0.2198,0.0715,,,,,y,24.717680630081745,"(0.8705882352941177, 0.5607843137254902, 0.0196078431372549)",34.1,351.3165217391304
67,C22-3-158,1.0,Pederson,165.0,clumped,Dolomite,Dolomite,Dolomite,103.7,3.39,-3.9644791470277214,0.5,1.8,1.8,3.7,3.7,3.6,3.6,0.5167,0.023,,0.0452,55.2,9.9,10.9,19.0,23.0,18.7,22.6,,,30258.57143,7899.625,10.5045,25.74333333,y,25.0,"(0.984313725490196, 0.6862745098039216, 0.8941176470588236)",31.53,351.34999999999997
68,C22-3-162.4c-A,2.0,Pederson,169.4,clumped,Cement,Calcite,Cement,102.8,2.23,-4.39635158875909,3.8,1.3,1.3,2.5,2.6,2.4,2.6,0.4906,0.0167,0.0048,0.0328,67.7,8.2,8.8,15.7,18.3,15.5,17.9,,,,,,,y,25.0,"(0.792156862745098, 0.5686274509803921, 0.3803921568627451)",33.79,351.4552173913043
69,C22-3-162.4c-B,1.0,Pederson,169.4,clumped,Dolomite,Dolomite,Dolomite,71.4,5.23,-3.372774650073546,3.0,1.9,1.9,3.8,3.8,3.7,3.7,0.493,0.0233,,0.0458,66.5,11.1,12.3,21.2,26.1,20.9,25.6,,,,,,,y,25.0,"(0.984313725490196, 0.6862745098039216, 0.8941176470588236)",28.48,351.4552173913043
70,C22-3-163,5.0,Pederson,170.0,clumped,Bulk,Dolomite,Dolomite,26.9,5.39,-3.43097509239691,1.7,1.0,0.9,1.9,1.8,1.8,1.8,0.5088,0.0113,0.0311,0.0222,58.8,5.2,5.4,10.1,11.1,9.9,10.9,,,,,,,y,25.0,"(0.00392156862745098, 0.45098039215686275, 0.6980392156862745)",28.78,351.4695652173913
71,C22-3-166,1.0,Pederson,173.0,clumped,Bulk,Calcite,Bulk,28.6,2.25,-4.764954390140382,-1.8,1.6,1.6,3.1,3.3,3.0,3.2,0.5624,0.023,,0.0452,36.3,8.4,9.1,16.1,19.1,15.8,18.7,,,57615.71429,123.5175,47.09,13.73666667,n,18.772062046125598,"(0.00392156862745098, 0.45098039215686275, 0.6980392156862745)",35.75,351.54130434782604
72,C22-3-170,1.0,Pederson,177.0,clumped,Bulk,Calcite,Bulk,24.8,2.15,-4.6388534317730965,-3.8,1.6,1.5,3.0,3.1,3.0,3.0,0.5948,0.0231,,0.0454,24.7,7.5,8.1,14.5,17.0,14.2,16.6,,,55675.71429,55.69166667,24.195,14.88,y,4.241582730864046,"(0.00392156862745098, 0.45098039215686275, 0.6980392156862745)",35.08,351.6369565217391
73,C22-3-174c-A,3.0,Pederson,181.0,clumped,Matrix,Calcite,Matrix,30.8,2.65,-5.570060508946884,-2.9,1.0,1.0,2.0,2.1,1.9,2.0,0.5667,0.0148,0.0188,0.029,34.7,5.4,5.7,10.5,11.7,10.3,11.4,,,,,,,y,3.0,"(0.8705882352941177, 0.5607843137254902, 0.0196078431372549)",40.12,351.7326086956522
74,C22-3-174c-B,2.0,Pederson,181.0,clumped,Matrix,Calcite,Matrix,78.1,2.48,-4.823154832463746,-2.6,1.2,1.2,2.3,2.4,2.3,2.4,0.5734,0.0175,0.0341,0.0343,32.2,6.2,6.6,12.0,13.6,11.8,13.3,,,,,,,y,3.0,"(0.8705882352941177, 0.5607843137254902, 0.0196078431372549)",36.06,351.7326086956522
75,C22-3-178,2.0,Pederson,185.0,clumped,Bulk,Calcite,Bulk,79.7,2.18,-4.677653726655336,-1.5,1.2,1.2,2.3,2.4,2.3,2.3,0.5598,0.0169,0.0107,0.0332,37.3,6.3,6.7,12.2,13.8,12.0,13.5,0.2903,0.0736,52465.71429,64.49583333,26.92,12.34,n,13.770536365285075,"(0.00392156862745098, 0.45098039215686275, 0.6980392156862745)",35.29,351.8282608695652
76,C22-3-182,1.0,Pederson,189.0,clumped,Dolomite,Dolomite,Dolomite,81.0,4.33,-1.4812602745642895,4.9,1.9,1.8,3.8,3.7,3.7,3.6,0.4935,0.0232,,0.0455,66.2,11.0,12.2,21.1,25.9,20.7,25.3,,,31204.28571,17341.25,4.742,44.99,y,25.0,"(0.984313725490196, 0.6862745098039216, 0.8941176470588236)",19.16,351.92391304347825
77,C22-3-190,1.0,Pederson,197.0,clumped,Dolomite,Dolomite,Dolomite,31.4,2.73,-4.750185118393107,5.0,1.8,1.9,3.7,3.7,3.6,3.7,0.4505,0.0229,,0.045,90.0,13.3,14.9,25.2,31.8,24.8,31.2,,,49260.0,11137.5,19.16,26.25666667,y,25.0,"(0.984313725490196, 0.6862745098039216, 0.8941176470588236)",35.67,352.1152173913043
78,C22-3-194,1.0,Pederson,201.0,clumped,Dolomite,Dolomite,Dolomite,88.2,3.8,-4.313681800967892,4.3,1.8,1.9,3.7,3.7,3.6,3.7,0.4649,0.023,,0.0451,81.5,12.4,13.9,23.6,29.6,23.2,28.9,,,37718.57143,19696.25,7.779,13.03333333,y,25.0,"(0.984313725490196, 0.6862745098039216, 0.8941176470588236)",33.36,352.21086956521737
79,C22-3-198,1.0,Pederson,205.0,clumped,Bulk,Calcite,Bulk,29.8,1.66,-4.609753210611414,-2.2,1.5,1.6,3.1,3.2,3.0,3.2,0.5707,0.023,,0.0452,33.2,8.1,8.8,15.6,18.4,15.4,18.1,,,58751.42857,120.32375,50.36,6.058,n,34.69081558253134,"(0.00392156862745098, 0.45098039215686275, 0.6980392156862745)",34.92,352.3065217391304
80,C22-3-200,4.0,Pederson,207.0,clumped,Bulk,Calcite,Bulk,32.0,1.85,-4.5709529157291735,-2.4,0.9,0.8,1.7,1.6,1.6,1.6,0.5748,0.0122,0.0238,0.024,31.7,4.3,4.5,8.5,9.2,8.3,9.1,,,68308.57143,194.05375,53.675,7.4,n,45.441564119402045,"(0.00392156862745098, 0.45098039215686275, 0.6980392156862745)",34.72,352.35434782608695
81,C22-4-10-166,3.0,Pederson,166.0,clumped,Dolomite,Dolomite,Dolomite,30.8,5.41,-3.586176271925871,5.5,1.1,1.1,2.3,2.3,2.2,2.2,0.4592,0.0141,0.0162,0.0277,84.8,8.0,8.6,15.5,17.8,15.2,17.4,,,22445.714285714286,13174.166666666668,1.1635,14.89,y,25.0,"(0.984313725490196, 0.6862745098039216, 0.8941176470588236)",29.57,351.37391304347824
82,C22-4-100_75,1.0,Pederson,100.75,clumped,Bulk,Calcite,Bulk,100.4,3.1,-3.765846796922673,-2.1,1.5,1.6,3.0,3.2,3.0,3.2,0.5814,0.0231,,0.0454,29.3,7.9,8.5,15.1,17.8,14.9,17.5,,,61485.71429,193.74,33.715,11.22,y,6.151098239182556,"(0.00392156862745098, 0.45098039215686275, 0.6980392156862745)",30.5,349.81358695652165
83,C22-4-104_75,6.0,Pederson,104.75,clumped,Bulk,Calcite,Bulk,98.9,2.27,-3.765846796922673,-0.5,0.6,0.7,1.3,1.4,1.3,1.3,0.5581,0.0096,0.0192,0.0189,37.9,3.6,3.8,7.1,7.7,7.0,7.5,,,55760.0,170.79375,42.425,13.17,n,7.660851345012526,"(0.00392156862745098, 0.45098039215686275, 0.6980392156862745)",30.5,349.90923913043474
84,C22-4-108_75,1.0,Pederson,108.75,clumped,Bulk,Calcite,Bulk,29.2,2.3,-3.9695483450544393,-0.6,1.6,1.6,3.2,3.3,3.1,3.2,0.5575,0.023,,0.0452,38.1,8.5,9.3,16.4,19.4,16.1,19.1,,,56222.85714,110.90675,36.475,15.15666667,n,6.911368174240188,"(0.00392156862745098, 0.45098039215686275, 0.6980392156862745)",31.55,350.0048913043478
85,C22-4-112_75,1.0,Pederson,112.75,clumped,Bulk,Calcite,Bulk,31.4,3.18,-3.096541710204016,0.0,1.5,1.7,3.1,3.3,3.0,3.3,0.5603,0.0231,,0.0453,37.1,8.5,9.2,16.3,19.3,16.0,18.9,,,58607.14286,206.2125,40.19,13.88333333,y,7.72747621072557,"(0.00392156862745098, 0.45098039215686275, 0.6980392156862745)",27.08,350.1005434782608
86,C22-4-116_75,5.0,Pederson,116.75,clumped,Bulk,Calcite,Bulk,71.5,3.88,-2.019833527221826,-0.4,0.8,0.8,1.5,1.6,1.5,1.6,0.5821,0.0115,0.0377,0.0227,29.1,4.0,4.1,7.8,8.5,7.7,8.3,0.2994,0.0654,72187.14286,345.8375,33.975,6.649666667,n,12.425305290747097,"(0.00392156862745098, 0.45098039215686275, 0.6980392156862745)",21.75,350.19619565217386
87,C22-4-120_75,1.0,Pederson,120.75,clumped,Bulk,Calcite,Bulk,99.0,3.62,-3.125641931365698,0.7,1.6,1.7,3.1,3.4,3.1,3.3,0.5502,0.0231,,0.0453,41.0,8.8,9.6,16.9,20.1,16.6,19.7,,,64510.0,262.5125,44.93,10.973333333333334,y,15.54639853154012,"(0.00392156862745098, 0.45098039215686275, 0.6980392156862745)",27.23,350.2918478260869
88,C22-4-125,3.0,Pederson,125.0,clumped,Bulk,Calcite,Bulk,105.2,3.29,-3.9598482713338807,-2.1,1.0,1.0,1.9,2.0,1.9,2.0,0.5784,0.0146,0.0273,0.0286,30.4,5.1,5.4,9.9,11.0,9.7,10.8,,,65751.66666666667,186.73875,35.585,9.491666666666667,y,12.067020849856384,"(0.00392156862745098, 0.45098039215686275, 0.6980392156862745)",31.5,350.39347826086953
89,C22-4-125.6c-A,5.0,Pederson,125.6,clumped,Matrix,Calcite,Matrix,107.8,3.39,-3.5815453962320296,-2.2,0.7,0.8,1.4,1.5,1.4,1.5,0.5854,0.0108,0.0281,0.0212,27.9,3.7,3.8,7.3,7.8,7.1,7.7,,,,,,,y,11.0,"(0.8705882352941177, 0.5607843137254902, 0.0196078431372549)",29.55,350.40782608695645
90,C22-4-128,1.0,Pederson,128.0,clumped,Bulk,Calcite,Bulk,95.8,3.42,-3.1741422999684965,-1.0,1.5,1.6,3.0,3.3,3.0,3.2,0.5738,0.0231,,0.0454,32.0,8.1,8.8,15.5,18.3,15.3,18.0,,,53251.66666666666,123.325,30.415,7.900666666666667,y,5.31575521097911,"(0.00392156862745098, 0.45098039215686275, 0.6980392156862745)",27.47,350.4652173913043
91,C22-4-132,1.0,Pederson,132.0,clumped,Bulk,Calcite,Bulk,99.9,4.13,-2.892840162072249,0.5,1.6,1.7,3.1,3.3,3.1,3.3,0.5564,0.0231,,0.0454,38.6,8.6,9.4,16.5,19.6,16.2,19.2,,,57588.333333333336,114.54637499999998,31.955,6.439333333333334,y,0.8256664134997624,"(0.00392156862745098, 0.45098039215686275, 0.6980392156862745)",26.05,350.56086956521733
92,C22-4-136,4.0,Pederson,136.0,clumped,Bulk,Calcite,Bulk,101.1,5.26,-2.524237360690956,0.0,0.8,0.9,1.6,1.7,1.6,1.7,0.5686,0.0121,0.019,0.0238,33.9,4.4,4.6,8.6,9.4,8.5,9.2,,,59216.66666666666,160.13,67.855,14.2,y,10.182830966116265,"(0.00392156862745098, 0.45098039215686275, 0.6980392156862745)",24.22,350.65652173913037
93,C22-4-140,3.0,Pederson,140.0,clumped,Bulk,Calcite,Bulk,110.8,2.49,-4.667953652934778,-0.2,1.0,1.0,2.0,2.0,1.9,2.0,0.5414,0.0141,0.0147,0.0277,44.5,5.6,5.9,11.0,12.2,10.8,12.0,0.29,0.0638,56531.66666666666,96.775,24.535,11.98,y,10.0,"(0.00392156862745098, 0.45098039215686275, 0.6980392156862745)",35.23,350.7521739130434
94,C22-4-142_8-A,2.0,Pederson,142.8,clumped,Crinoid,Calcite,Fossil,114.9,4.1,-2.7473390562638462,-0.1,1.2,1.3,2.4,2.7,2.4,2.6,0.5667,0.0185,0.0279,0.0363,34.7,6.7,7.1,12.9,14.8,12.7,14.5,0.2236,0.0528,,,,,y,19.09151753280095,"(0.8352941176470589, 0.3686274509803922, 0.0)",25.33,350.81913043478255
95,C22-4-142_8-B,1.0,Pederson,142.8,clumped,Matrix,Calcite,Matrix,98.0,3.17,-4.173249893186206,-3.2,1.6,1.7,3.3,3.4,3.2,3.4,0.592,0.0251,,0.0493,25.6,8.2,8.9,15.8,18.7,15.5,18.4,0.1921,0.0718,,,,,y,19.09151753280095,"(0.8705882352941177, 0.5607843137254902, 0.0196078431372549)",32.62,350.81913043478255
96,C22-4-144,3.0,Pederson,144.0,clumped,Bulk,Calcite,Bulk,98.8,3.09,-4.357551293876849,-0.3,1.0,1.0,1.9,2.0,1.9,1.9,0.5469,0.0137,0.0084,0.0269,42.3,5.4,5.6,10.5,11.6,10.3,11.4,,,61266.66666666666,88.70458333333333,24.8,10.933333333333332,y,26.259281725261605,"(0.00392156862745098, 0.45098039215686275, 0.6980392156862745)",33.59,350.8478260869565
97,C22-4-148,5.0,Pederson,148.0,clumped,Bulk,Calcite,Bulk,95.9,1.98,-5.036556454316071,-2.3,0.7,0.8,1.4,1.5,1.4,1.5,0.5656,0.0106,0.0184,0.0207,35.1,3.9,4.0,7.6,8.3,7.5,8.1,,,53890.0,67.0025,24.215,10.426666666666668,n,25.09585351410727,"(0.00392156862745098, 0.45098039215686275, 0.6980392156862745)",37.21,350.94347826086954
98,C22-4-152,1.0,Pederson,152.0,clumped,Bulk,Calcite,Bulk,88.8,1.95,-5.152957338962792,-1.2,1.6,1.6,3.2,3.3,3.1,3.2,0.5489,0.0229,,0.045,41.5,8.7,9.5,16.8,20.0,16.5,19.6,,,59085.0,59.365,21.82,11.123333333333331,n,3.5197789449329306,"(0.00392156862745098, 0.45098039215686275, 0.6980392156862745)",37.84,351.0391304347826
99,C22-4-153-A,3.0,Pederson,153.0,clumped,Cement,Calcite,Cement,84.6,-5.61,-9.100887343230823,-3.0,1.1,1.1,2.1,2.2,2.1,2.2,0.5183,0.0148,0.0346,0.0291,54.5,6.5,6.9,12.5,14.2,12.3,13.9,0.269,0.0449,,,,,n,0.0,"(0.792156862745098, 0.5686274509803921, 0.3803921568627451)",60.63,351.06304347826085
100,C22-4-153-B,1.0,Pederson,153.0,clumped,Matrix,Calcite,Matrix,78.2,1.78,-5.899863015445936,-2.8,1.7,1.8,3.3,3.6,3.2,3.5,0.56,0.0249,,0.0488,37.2,9.1,10.0,17.4,21.0,17.1,20.5,0.3076,0.0745,,,,,n,0.0,"(0.8705882352941177, 0.5607843137254902, 0.0196078431372549)",41.94,351.06304347826085
101,C22-4-156,1.0,Pederson,156.0,clumped,Bulk,Calcite,Bulk,103.5,1.65,-5.783462130799208,-2.2,1.6,1.6,3.1,3.3,3.1,3.2,0.5543,0.0229,,0.045,39.4,8.6,9.3,16.5,19.6,16.2,19.2,,,57405.0,44.3975,19.095,11.413333333333334,n,0.2305815935647364,"(0.00392156862745098, 0.45098039215686275, 0.6980392156862745)",41.29,351.1347826086956
102,C22-4-157.8c-B1-A,6.0,Pederson,157.8,clumped,Brachiopod,Calcite,Fossil,92.7,2.59,-4.386651515038531,-2.2,0.7,0.6,1.4,1.3,1.4,1.3,0.5747,0.0099,0.0142,0.0193,31.7,3.5,3.7,6.9,7.4,6.8,7.2,,,,,,,n,5.717062903657419,"(0.8, 0.47058823529411764, 0.7372549019607844)",33.74,351.1778260869565
103,C22-4-160,1.0,Pederson,160.0,clumped,Bulk,Calcite,Bulk,86.3,2.44,-4.920155569669343,-2.6,1.6,1.6,3.1,3.2,3.0,3.2,0.5724,0.0231,,0.0453,32.5,8.1,8.8,15.6,18.4,15.3,18.0,,,57130.0,79.41499999999999,22.015,10.099333333333334,n,14.44702622399151,"(0.00392156862745098, 0.45098039215686275, 0.6980392156862745)",36.58,351.23043478260865
104,C22-4-164,1.0,Pederson,164.0,clumped,Dolomite,Dolomite,Dolomite,90.0,4.77,-2.4318674991792,4.4,1.9,1.9,3.7,3.8,3.7,3.7,0.4873,0.0232,,0.0456,69.4,11.3,12.6,21.6,26.7,21.3,26.1,,,29645.714285714286,16310.833333333332,1.425,35.78666666666666,y,25.0,"(0.984313725490196, 0.6862745098039216, 0.8941176470588236)",23.76,351.3260869565217
105,C22-4-165-SP,1.0,Pederson,165.0,clumped,Cement,Dolomite,Cement,92.7,-3.65,-10.056125443539576,-6.4,1.8,1.8,3.6,3.7,3.5,3.6,0.5261,0.0227,,0.0445,51.0,9.5,10.4,18.1,21.8,17.8,21.3,,,83954.0,18.165,17.39,19.55,y,25.0,"(0.792156862745098, 0.5686274509803921, 0.3803921568627451)",66.57,351.34999999999997
106,C22-4-170,3.0,Pederson,170.0,clumped,Dolomite,Dolomite,Dolomite,98.3,5.49,-2.693769489634324,3.9,1.2,1.1,2.3,2.3,2.3,2.3,0.4904,0.0144,0.0313,0.0283,67.8,7.1,7.5,13.7,15.6,13.5,15.3,,,28665.714285714286,16474.166666666668,3.258,26.33666666666667,y,25.0,"(0.984313725490196, 0.6862745098039216, 0.8941176470588236)",25.06,351.4695652173913
107,C22-4-2-89_75,3.0,Pederson,89.75,clumped,Bulk,Calcite,Bulk,99.8,2.26,-4.823154832463746,-1.4,1.0,1.1,2.0,2.1,2.0,2.1,0.5559,0.015,0.0125,0.0295,38.8,5.7,6.0,11.0,12.3,10.9,12.1,,,65885.71429,231.9625,47.68,24.20333333,n,3.1392268344079675,"(0.00392156862745098, 0.45098039215686275, 0.6980392156862745)",36.06,349.5505434782608
108,C22-4-6-125-CORAL,3.0,Pederson,125.0,clumped,Rugose,Calcite,Fossil,103.1,2.96,-3.6591459859965103,-0.7,1.0,1.0,2.0,2.0,1.9,2.0,0.563,0.0143,0.0278,0.0281,36.0,5.3,5.6,10.3,11.4,10.1,11.2,,,,,,,y,12.067020849856384,"(0.00784313725490196, 0.6196078431372549, 0.45098039215686275)",29.95,350.39347826086953
109,C22-4-72_75,5.0,Pederson,72.75,clumped,Bulk,Calcite,Bulk,31.7,3.25,-2.427236623485352,-1.5,0.7,0.7,1.5,1.4,1.4,1.4,0.5932,0.0108,0.0258,0.0211,25.2,3.6,3.7,7.1,7.6,6.9,7.4,,,58578.57143,305.8125,34.32,20.28333333,y,23.50621461922656,"(0.00392156862745098, 0.45098039215686275, 0.6980392156862745)",23.74,349.1440217391304
110,C22-4-76_75,6.0,Pederson,76.75,clumped,Bulk,Calcite,Bulk,30.2,1.49,-5.123857117801109,-2.0,0.7,0.7,1.3,1.4,1.3,1.3,0.5604,0.0098,0.0048,0.0192,37.0,3.7,3.8,7.2,7.8,7.1,7.6,,,,,,,n,24.88134915593436,"(0.00392156862745098, 0.45098039215686275, 0.6980392156862745)",37.68,349.2396739130434
111,C22-4-79c-A,2.0,Pederson,79.0,clumped,Matrix,Calcite,Matrix,99.2,1.81,-5.249958076168396,-0.7,1.2,1.2,2.4,2.5,2.3,2.4,0.5401,0.017,0.0036,0.0333,45.1,6.8,7.2,13.1,15.0,12.9,14.7,,,59154.28571,97.78875,34.47,37.57666667,n,22.81200150114442,"(0.8705882352941177, 0.5607843137254902, 0.0196078431372549)",38.37,349.2934782608695
112,C22-4-79c-B,2.0,Pederson,79.0,clumped,Rugose,Calcite,Fossil,103.4,1.49,-5.123857117801109,-2.3,1.2,1.2,2.3,2.3,2.2,2.3,0.5649,0.0168,0.0062,0.0331,35.3,6.1,6.5,11.9,13.4,11.7,13.2,,,,,,,n,22.81200150114442,"(0.00784313725490196, 0.6196078431372549, 0.45098039215686275)",37.68,349.2934782608695
113,C22-4-79c-C,1.0,Pederson,79.0,clumped,Gastropod,Calcite,Fossil,102.3,-5.58,-8.383081887909366,-1.1,1.6,1.7,3.3,3.5,3.2,3.5,0.502,0.0226,,0.0444,62.0,10.4,11.4,19.9,24.1,19.5,23.7,,,61165.71429,150.7,46.915,19.98666667,n,22.81200150114442,"(0.5803921568627451, 0.5803921568627451, 0.5803921568627451)",56.28,349.2934782608695
114,C22-4-79c-D,2.0,Pederson,79.0,clumped,Brachiopod,Calcite,Fossil,103.8,-0.62,-4.726154095258142,-3.7,1.1,1.2,2.2,2.3,2.1,2.3,0.5907,0.0169,0.0089,0.0331,26.1,5.6,6.0,10.9,12.3,10.7,12.0,,,53422.85714,113.795,65.69,44.69333333,n,22.81200150114442,"(0.8, 0.47058823529411764, 0.7372549019607844)",35.54,349.2934782608695
115,C22-4-80_75,1.0,Pederson,80.75,clumped,Bulk,Calcite,Bulk,97.2,1.84,-5.114157044080551,1.0,1.6,1.8,3.2,3.5,3.1,3.5,0.5178,0.0229,,0.0449,54.7,9.9,10.8,18.9,22.8,18.5,22.3,,,,,,,n,20.222663261715894,"(0.00392156862745098, 0.45098039215686275, 0.6980392156862745)",37.63,349.33532608695646
116,C22-4-84_75,1.0,Pederson,84.75,clumped,Bulk,Calcite,Bulk,95.0,1.49,-4.347851220156291,-1.9,1.5,1.6,3.0,3.3,3.0,3.2,0.5698,0.023,,0.0452,33.5,8.1,8.9,15.7,18.5,15.4,18.2,,,56220.0,142.5675,61.66,52.82,y,12.514847187721996,"(0.00392156862745098, 0.45098039215686275, 0.6980392156862745)",33.54,349.4309782608695
117,C22-4-85c-A,3.0,Pederson,85.0,clumped,Rugose,Calcite,Fossil,70.5,0.2,-3.562145248790906,-0.4,1.0,1.0,1.9,2.0,1.9,1.9,0.5603,0.0141,0.0131,0.0277,37.1,5.2,5.5,10.2,11.4,10.1,11.1,0.2631,0.0727,,,,,y,12.0,"(0.00784313725490196, 0.6196078431372549, 0.45098039215686275)",29.45,349.43695652173903
118,C22-4-85c-B,3.0,Pederson,85.0,clumped,Nautiloid,Calcite,Fossil,102.7,1.0,-3.3099433320563407,-0.8,0.9,1.0,1.9,2.0,1.8,2.0,0.5687,0.0142,0.0108,0.0278,33.9,5.1,5.4,10.0,11.1,9.8,10.8,,,,,,,y,12.0,"(0.5803921568627451, 0.5803921568627451, 0.5803921568627451)",28.16,349.43695652173903
119,C22-4-85c-C,3.0,Pederson,85.0,clumped,Gastropod,Calcite,Fossil,99.2,0.16,-5.628260951270248,0.4,1.0,1.1,2.0,2.2,2.0,2.1,0.5192,0.0144,0.0215,0.0282,54.1,6.3,6.6,12.2,13.7,11.9,13.4,,,,,,,y,12.0,"(0.5803921568627451, 0.5803921568627451, 0.5803921568627451)",40.44,349.43695652173903
120,C22-4-85c-D,3.0,Pederson,85.0,clumped,Matrix,Calcite,Matrix,98.7,1.43,-3.3099433320563407,0.6,1.0,1.0,2.0,2.0,1.9,2.0,0.5493,0.0141,0.0138,0.0277,41.4,5.5,5.8,10.7,11.9,10.5,11.6,0.241,0.0721,,,,,y,12.0,"(0.8705882352941177, 0.5607843137254902, 0.0196078431372549)",28.16,349.43695652173903
121,C22-4-85c-E,2.0,Pederson,85.0,clumped,Cement,Calcite,Cement,95.0,-1.41,-6.258765743106664,-1.5,1.2,1.2,2.4,2.4,2.3,2.4,0.5376,0.0168,0.0384,0.033,46.1,6.8,7.2,13.1,15.0,12.9,14.7,,,,,,,y,12.0,"(0.792156862745098, 0.5686274509803921, 0.3803921568627451)",43.94,349.43695652173903
122,C22-4-92_75,3.0,Pederson,92.75,clumped,Bulk,Calcite,Bulk,97.1,1.84,-4.551552768288057,-3.8,0.9,0.9,1.8,1.8,1.8,1.8,0.596,0.0137,0.0307,0.027,24.3,4.5,4.7,8.8,9.7,8.7,9.5,,,56618.57143,131.78,61.195,22.97333333,n,-0.10941449498888645,"(0.00392156862745098, 0.45098039215686275, 0.6980392156862745)",34.61,349.62228260869557
123,C22-4-95.8c-A,3.0,Pederson,95.8,clumped,Cement,Calcite,Cement,31.0,-8.45,-9.159087785554188,-3.4,1.0,1.0,2.1,2.1,2.0,2.1,0.5232,0.0143,0.0248,0.028,52.3,6.1,6.5,11.9,13.4,11.7,13.1,0.1964,0.0833,,,,,n,0.0,"(0.792156862745098, 0.5686274509803921, 0.3803921568627451)",60.99,349.69521739130425
124,C22-4-95.8c-B,3.0,Pederson,95.8,clumped,Brachiopod,Calcite,Fossil,99.2,0.71,-4.7358541689787,-3.6,0.9,1.0,1.8,1.9,1.7,1.9,0.589,0.0138,0.0072,0.027,26.7,4.6,4.9,9.1,10.0,8.9,9.8,,,,,,,n,0.0,"(0.8, 0.47058823529411764, 0.7372549019607844)",35.6,349.69521739130425
125,C22-4-95.8c-C,2.0,Pederson,95.8,clumped,Rugose,Calcite,Fossil,89.6,0.33,-4.338151146435732,-3.0,1.2,1.1,2.3,2.3,2.3,2.3,0.587,0.0173,0.016,0.0339,27.3,5.8,6.2,11.3,12.8,11.1,12.5,,,,,,,n,0.0,"(0.00784313725490196, 0.6196078431372549, 0.45098039215686275)",33.49,349.69521739130425
126,C22-4-95.8c-D,4.0,Pederson,95.8,clumped,Matrix,Calcite,Matrix,86.8,2.23,-3.7949470180843545,-1.7,0.8,0.9,1.6,1.7,1.5,1.7,0.5748,0.0121,0.0261,0.0237,31.7,4.3,4.5,8.4,9.2,8.2,9.0,,,,,,,n,0.0,"(0.8705882352941177, 0.5607843137254902, 0.0196078431372549)",30.65,349.69521739130425
127,C22-4-95.8c-E,5.0,Pederson,95.8,clumped,Matrix,Calcite,Matrix,95.7,2.72,-3.4263442167030616,-1.0,0.8,0.7,1.5,1.5,1.5,1.5,0.571,0.0111,0.0164,0.0217,33.1,4.0,4.2,7.8,8.5,7.7,8.3,0.259,0.0846,,,,,n,0.0,"(0.8705882352941177, 0.5607843137254902, 0.0196078431372549)",28.75,349.69521739130425
128,C22-4-95.8c-F,1.0,Pederson,95.8,clumped,Matrix,Calcite,Matrix,93.3,2.3,-3.562145248790906,-2.9,1.5,1.6,3.0,3.2,2.9,3.2,0.5963,0.0234,,0.0459,24.2,7.6,8.2,14.6,17.1,14.3,16.7,,,,,,,n,0.0,"(0.8705882352941177, 0.5607843137254902, 0.0196078431372549)",29.45,349.69521739130425
129,C22-4-96_75,1.0,Pederson,96.75,clumped,Bulk,Calcite,Bulk,92.7,3.7,-3.4554444378647435,-2.8,1.5,1.6,3.0,3.2,2.9,3.1,0.5967,0.0232,,0.0456,24.0,7.5,8.1,14.4,16.9,14.2,16.6,,,53662.85714,199.93625,38.78,16.81,n,0.9100479985873178,"(0.00392156862745098, 0.45098039215686275, 0.6980392156862745)",28.9,349.7179347826086
130,C22-4-97.4c-A,2.0,Pederson,97.4,clumped,Cement,Calcite,Cement,100.0,-5.19,-10.798400244328873,-6.1,1.2,1.3,2.5,2.6,2.4,2.5,0.5376,0.0177,0.0119,0.0347,46.1,7.1,7.6,13.8,15.8,13.5,15.5,,,,,,,n,1.7156647949072288,"(0.792156862745098, 0.5686274509803921, 0.3803921568627451)",71.3,349.7334782608695
131,BW-256_6-A,1.0,BW,256.6,nonclumped,Crinoid,Calcite,Bulk,,5.3,-1.9,,,,,,,,,,,,,,,,,,,,,,,,,n,4.348170392291949,"(0.8352941176470589, 0.3686274509803922, 0.0)",21.17,353.5404347826087
132,BW-256_6-B,1.0,BW,256.6,nonclumped,Matrix,Calcite,Bulk,,4.66,-3.29,,,,,,,,,,,,,,,,,,,,,,,,,n,4.348170392291949,"(0.8705882352941177, 0.5607843137254902, 0.0196078431372549)",28.06,353.5404347826087
133,BW-255_4-A,1.0,BW,255.4,nonclumped,Crinoid,Calcite,Bulk,,5.62,-1.01,,,,,,,,,,,,,,,,,,,,,,,,,n,2.930189074234856,"(0.8352941176470589, 0.3686274509803922, 0.0)",16.94,353.5117391304348
134,BW-255_4-B,1.0,BW,255.4,nonclumped,Matrix,Calcite,Bulk,,4.67,-4.04,,,,,,,,,,,,,,,,,,,,,,,,,n,2.930189074234856,"(0.8705882352941177, 0.5607843137254902, 0.0196078431372549)",31.92,353.5117391304348
135,BW-254_9-A,1.0,BW,254.9,nonclumped,Crinoid,Calcite,Bulk,,5.26,-3.29,,,,,,,,,,,,,,,,,,,,,,,,,y,2.189711313529096,"(0.8352941176470589, 0.3686274509803922, 0.0)",28.06,353.4997826086957
136,BW-254_9-B,1.0,BW,254.9,nonclumped,Matrix,Calcite,Bulk,,4.44,-4.82,,,,,,,,,,,,,,,,,,,,,,,,,y,2.189711313529096,"(0.8705882352941177, 0.5607843137254902, 0.0196078431372549)",36.05,353.4997826086957
137,BW-253-A,1.0,BW,253.0,nonclumped,Crinoid,Calcite,Bulk,,5.98,-1.14,,,,,,,,,,,,,,,,,,,,,,,,,y,4.0,"(0.8352941176470589, 0.3686274509803922, 0.0)",17.55,353.454347826087
138,BW-253-B,1.0,BW,253.0,nonclumped,Matrix,Calcite,Bulk,,6.06,-1.55,,,,,,,,,,,,,,,,,,,,,,,,,y,4.0,"(0.8705882352941177, 0.5607843137254902, 0.0196078431372549)",19.49,353.454347826087
139,BW-233_2-A,1.0,BW,233.2,nonclumped,Crinoid,Calcite,Bulk,,5.28,-3.33,,,,,,,,,,,,,,,,,,,,,,,,,y,4.0,"(0.8352941176470589, 0.3686274509803922, 0.0)",28.26,352.9808695652174
140,BW-241_5-A,1.0,BW,241.5,nonclumped,Crinoid,Calcite,Bulk,,6.49,-2.07,,,,,,,,,,,,,,,,,,,,,,,,,y,3.0373695584014215,"(0.8352941176470589, 0.3686274509803922, 0.0)",21.99,353.17934782608694
141,BW-241_5-B,1.0,BW,241.5,nonclumped,Matrix,Calcite,Bulk,,4.84,-2.57,,,,,,,,,,,,,,,,,,,,,,,,,y,3.0373695584014215,"(0.8705882352941177, 0.5607843137254902, 0.0196078431372549)",24.45,353.17934782608694
142,BW-209_9-A,1.0,BW,209.9,nonclumped,Rugose,Calcite,Bulk,,2.98,-3.6,,,,,,,,,,,,,,,,,,,,,,,,,y,5.120779812651241,"(0.00784313725490196, 0.6196078431372549, 0.45098039215686275)",29.64,352.4236956521739
143,BW-209_9-B,1.0,BW,209.9,nonclumped,Rugose,Calcite,Bulk,,3.71,-4.66,,,,,,,,,,,,,,,,,,,,,,,,,y,5.120779812651241,"(0.00784313725490196, 0.6196078431372549, 0.45098039215686275)",35.19,352.4236956521739
144,BW-209_9-C,1.0,BW,209.9,nonclumped,Matrix,Calcite,Bulk,,3.8,-4.94,,,,,,,,,,,,,,,,,,,,,,,,,y,5.120779812651241,"(0.8705882352941177, 0.5607843137254902, 0.0196078431372549)",36.69,352.4236956521739
145,BW-209_9-D,1.0,BW,209.9,nonclumped,Matrix,Calcite,Bulk,,3.93,-4.91,,,,,,,,,,,,,,,,,,,,,,,,,y,5.120779812651241,"(0.8705882352941177, 0.5607843137254902, 0.0196078431372549)",36.53,352.4236956521739
146,C22-4-137,1.0,Pederson,137.0,nonclumped,Bulk,Calcite,Bulk,,3.99,-3.44,,,,,,,,,,,,,,,,,,,,,,,,,y,5.345147834774166,"(0.00392156862745098, 0.45098039215686275, 0.6980392156862745)",28.82,350.68043478260864
147,C22-4-141,1.0,Pederson,141.0,nonclumped,Bulk,Calcite,Bulk,,3.23,-4.25,,,,,,,,,,,,,,,,,,,,,,,,,y,11.855961419991026,"(0.00392156862745098, 0.45098039215686275, 0.6980392156862745)",33.02,350.7760869565217
148,C22-4-118_75,1.0,Pederson,118.75,nonclumped,Bulk,Calcite,Bulk,,3.43,-3.27,,,,,,,,,,,,,,,,,,,,,,,,,y,14.658044549060763,"(0.00392156862745098, 0.45098039215686275, 0.6980392156862745)",27.96,350.2440217391304
149,C22-4-142,1.0,Pederson,142.0,nonclumped,Bulk,Calcite,Bulk,,3.32,-4.33,,,,,,,,,,,,,,,,,,,,,,,,,y,14.819163649995572,"(0.00392156862745098, 0.45098039215686275, 0.6980392156862745)",33.44,350.79999999999995
150,C22-4-129,1.0,Pederson,129.0,nonclumped,Bulk,Calcite,Bulk,,4.48,-2.62,,,,,,,,,,,,,,,,,,,,,,,,,y,2.3861487642489743,"(0.00392156862745098, 0.45098039215686275, 0.6980392156862745)",24.69,350.48913043478257
151,C22-4-149,1.0,Pederson,149.0,nonclumped,Bulk,Calcite,Bulk,,2.31,-5.07,,,,,,,,,,,,,,,,,,,,,,,,,n,19.932429087409556,"(0.00392156862745098, 0.45098039215686275, 0.6980392156862745)",37.39,350.96739130434776
152,C22-4-133,1.0,Pederson,133.0,nonclumped,Bulk,Calcite,Bulk,,3.83,-3.83,,,,,,,,,,,,,,,,,,,,,,,,,y,5.854954556566764,"(0.00392156862745098, 0.45098039215686275, 0.6980392156862745)",30.83,350.5847826086956
153,C22-4-139,1.0,Pederson,139.0,nonclumped,Bulk,Calcite,Bulk,,2.9,-4.27,,,,,,,,,,,,,,,,,,,,,,,,,y,7.165853782764646,"(0.00392156862745098, 0.45098039215686275, 0.6980392156862745)",33.13,350.7282608695652
154,C22-4-113_75,1.0,Pederson,113.75,nonclumped,Bulk,Calcite,Bulk,,3.76,-3.2,,,,,,,,,,,,,,,,,,,,,,,,,y,8.615828344037034,"(0.00392156862745098, 0.45098039215686275, 0.6980392156862745)",27.6,350.1244565217391
155,C22-4-124,1.0,Pederson,124.0,nonclumped,Bulk,Calcite,Bulk,,3.28,-3.4,,,,,,,,,,,,,,,,,,,,,,,,,y,13.53208475705605,"(0.00392156862745098, 0.45098039215686275, 0.6980392156862745)",28.62,350.36956521739125
156,C22-4-115_75,1.0,Pederson,115.75,nonclumped,Bulk,Calcite,Bulk,,3.6,-3.28,,,,,,,,,,,,,,,,,,,,,,,,,n,11.090469908617983,"(0.00392156862745098, 0.45098039215686275, 0.6980392156862745)",28.01,350.1722826086956
157,C22-4-123,1.0,Pederson,123.0,nonclumped,Bulk,Calcite,Bulk,,3.25,-3.52,,,,,,,,,,,,,,,,,,,,,,,,,n,14.602223533594676,"(0.00392156862745098, 0.45098039215686275, 0.6980392156862745)",29.23,350.345652173913
158,C22-4-138,1.0,Pederson,138.0,nonclumped,Bulk,Calcite,Bulk,,3.63,-3.75,,,,,,,,,,,,,,,,,,,,,,,,,y,4.8262159146926225,"(0.00392156862745098, 0.45098039215686275, 0.6980392156862745)",30.42,350.7043478260869
159,C22-4-121_75,1.0,Pederson,121.75,nonclumped,Bulk,Calcite,Bulk,,4.67,-2.03,,,,,,,,,,,,,,,,,,,,,,,,,n,15.378741703897333,"(0.00392156862745098, 0.45098039215686275, 0.6980392156862745)",21.8,350.31576086956517
160,C22-4-114_75,1.0,Pederson,114.75,nonclumped,Bulk,Calcite,Bulk,,4.04,-3.5,,,,,,,,,,,,,,,,,,,,,,,,,y,9.778513546006504,"(0.00392156862745098, 0.45098039215686275, 0.6980392156862745)",29.13,350.1483695652173
161,C22-4-150,1.0,Pederson,150.0,nonclumped,Bulk,Calcite,Bulk,,2.12,-5.12,,,,,,,,,,,,,,,,,,,,,,,,,n,14.163562505643831,"(0.00392156862745098, 0.45098039215686275, 0.6980392156862745)",37.66,350.99130434782603
162,C22-4-147,1.0,Pederson,147.0,nonclumped,Bulk,Calcite,Bulk,,2.3,-4.87,,,,,,,,,,,,,,,,,,,,,,,,,n,28.976266768730817,"(0.00392156862745098, 0.45098039215686275, 0.6980392156862745)",36.31,350.91956521739127
163,C22-4-130,1.0,Pederson,130.0,nonclumped,Bulk,Calcite,Bulk,,3.35,-3.94,,,,,,,,,,,,,,,,,,,,,,,,,y,-0.028401995703894567,"(0.00392156862745098, 0.45098039215686275, 0.6980392156862745)",31.4,350.51304347826084
164,C22-4-126,1.0,Pederson,126.0,nonclumped,Bulk,Calcite,Bulk,,3.75,-2.78,,,,,,,,,,,,,,,,,,,,,,,,,y,10.210720014850992,"(0.00392156862745098, 0.45098039215686275, 0.6980392156862745)",25.49,350.41739130434775
165,C22-4-117_75,1.0,Pederson,117.75,nonclumped,Bulk,Calcite,Bulk,,3.56,-2.55,,,,,,,,,,,,,,,,,,,,,,,,,y,13.656627551269482,"(0.00392156862745098, 0.45098039215686275, 0.6980392156862745)",24.35,350.22010869565213
166,C22-4-121,1.0,Pederson,121.0,nonclumped,Bulk,Calcite,Bulk,,3.37,-3.35,,,,,,,,,,,,,,,,,,,,,,,,,y,15.542518414105153,"(0.00392156862745098, 0.45098039215686275, 0.6980392156862745)",28.36,350.2978260869565
167,C22-4-134,1.0,Pederson,134.0,nonclumped,Bulk,Calcite,Bulk,,3.77,-3.86,,,,,,,,,,,,,,,,,,,,,,,,,y,11.73372180131368,"(0.00392156862745098, 0.45098039215686275, 0.6980392156862745)",30.99,350.6086956521739
168,C22-4-146,1.0,Pederson,146.0,nonclumped,Bulk,Calcite,Bulk,,2.51,-4.3,,,,,,,,,,,,,,,,,,,,,,,,,y,30.896099834274064,"(0.00392156862745098, 0.45098039215686275, 0.6980392156862745)",33.28,350.895652173913
169,C22-4-131,1.0,Pederson,131.0,nonclumped,Bulk,Calcite,Bulk,,3.99,-3.21,,,,,,,,,,,,,,,,,,,,,,,,,y,-0.8934541128592608,"(0.00392156862745098, 0.45098039215686275, 0.6980392156862745)",27.65,350.53695652173906
170,C22-4-122,1.0,Pederson,122.0,nonclumped,Bulk,Calcite,Bulk,,3.34,-3.79,,,,,,,,,,,,,,,,,,,,,,,,,n,15.27363535932635,"(0.00392156862745098, 0.45098039215686275, 0.6980392156862745)",30.62,350.3217391304347
171,C22-4-143,1.0,Pederson,143.0,nonclumped,Bulk,Calcite,Bulk,,2.46,-4.7,,,,,,,,,,,,,,,,,,,,,,,,,y,20.30726425692539,"(0.00392156862745098, 0.45098039215686275, 0.6980392156862745)",35.4,350.8239130434782
172,C22-4-119_75,1.0,Pederson,119.75,nonclumped,Bulk,Calcite,Bulk,,3.27,-3.06,,,,,,,,,,,,,,,,,,,,,,,,,y,15.306774313047637,"(0.00392156862745098, 0.45098039215686275, 0.6980392156862745)",26.89,350.2679347826086
173,C22-4-135,1.0,Pederson,135.0,nonclumped,Bulk,Calcite,Bulk,,4.01,-3.16,,,,,,,,,,,,,,,,,,,,,,,,,y,14.1213073630442,"(0.00392156862745098, 0.45098039215686275, 0.6980392156862745)",27.4,350.63260869565215
174,C22-4-145,1.0,Pederson,145.0,nonclumped,Bulk,Calcite,Bulk,,2.97,-4.5,,,,,,,,,,,,,,,,,,,,,,,,,y,30.17778369373088,"(0.00392156862745098, 0.45098039215686275, 0.6980392156862745)",34.34,350.8717391304347
175,C22-4-127,1.0,Pederson,127.0,nonclumped,Bulk,Calcite,Bulk,,3.14,-3.58,,,,,,,,,,,,,,,,,,,,,,,,,y,7.962453582722811,"(0.00392156862745098, 0.45098039215686275, 0.6980392156862745)",29.54,350.441304347826
176,BW-263.5-C,1.0,BW,263.5,nonclumped,Brachiopod,Calcite,Bulk,,4.73,-3.19,,,,,,,,,,,,,,,,,,,,,,,,,y,7.0,"(0.8, 0.47058823529411764, 0.7372549019607844)",27.55,353.70543478260873
177,BW-262_3-A,1.0,BW,262.3,nonclumped,Crinoid,Calcite,Bulk,,6.09,-0.93,,,,,,,,,,,,,,,,,,,,,,,,,y,6.786107839439725,"(0.8352941176470589, 0.3686274509803922, 0.0)",16.56,353.6767391304348
178,BW-262_3-B,1.0,BW,262.3,nonclumped,Matrix,Calcite,Bulk,,4.3,-4.31,,,,,,,,,,,,,,,,,,,,,,,,,y,6.786107839439725,"(0.8705882352941177, 0.5607843137254902, 0.0196078431372549)",33.34,353.6767391304348
179,BW-255.4-C,1.0,BW,255.4,nonclumped,Matrix,Calcite,Bulk,,5.0,-3.58,,,,,,,,,,,,,,,,,,,,,,,,,n,2.930189074234856,"(0.8705882352941177, 0.5607843137254902, 0.0196078431372549)",29.54,353.5117391304348
180,BW-236_9-A,1.0,BW,236.9,nonclumped,Brachiopod,Calcite,Bulk,,5.91,-2.12,,,,,,,,,,,,,,,,,,,,,,,,,n,5.914713736925723,"(0.8, 0.47058823529411764, 0.7372549019607844)",22.24,353.069347826087
181,BW-236_9-B,1.0,BW,236.9,nonclumped,Matrix,Calcite,Bulk,,6.23,-2.77,,,,,,,,,,,,,,,,,,,,,,,,,n,5.914713736925723,"(0.8705882352941177, 0.5607843137254902, 0.0196078431372549)",25.44,353.069347826087
182,BW-169_2-A,1.0,BW,169.2,nonclumped,Cement,Calcite,Bulk,,2.39,-2.13,,,,,,,,,,,,,,,,,,,,,,,,,y,33.0,"(0.792156862745098, 0.5686274509803921, 0.3803921568627451)",22.28,351.4504347826087
